,주소,이름,위도,경도
0,서울특별시 종로구 삼일대로 428 낙원상가 506호 (낙원동),낙원상가,37.5726662,126.9878079
1,서울특별시 종로구 예지동 6번지 1호,광장주식회사,37.5700023,126.9989023
2,서울특별시 성동구 왕십리로 109 성수만세주유소 (성수동1가),홈플러스익스프레스 뚝섬2점,37.547455,127.0442969
3,서울특별시 종로구 서린동 33호   ,영풍문고,37.5696304,126.9821706
4,서울특별시 종로구 창신동 436번지 79  호   ,동대문신발도매상가,37.5707725,127.0125758
5,서울특별시 종로구 종로 266 동대문종합시장D동상가  동 (종로6가),동대문종합시장D동상가,37.5706612,127.0072579
6,서울특별시 종로구 종로3가 175-4,종로세운상가,37.5702051,126.9950971
7,서울특별시 종로구 종로 347 (숭인동),홈플러스(주)익스프레스 숭인점,37.57780899999999,127.0223493
8,서울특별시 종로구 지봉로 81 (창신동 브라운스톤 창신),브라운스톤 창신상가,37.5773397,127.0150489
9,서울특별시 종로구 종로 272 (종로6가),동대문종합시장 신관,37.5710149,127.0078509
10,서울특별시  구일로10길 27 B동 1층 (제118호제119호제121호~126호),홈플러스 익스프레스 서울구로점,37.4958336,126.87265
11,서울특별시 성북구 길음로13길 22 (길음동 길음뉴타운7단지두산위브아파트),롯데마이슈퍼 길음점,37.6096969,127.0188531
12,서울특별시 종로구 창경궁로 88 (예지동),광장시장,37.5700458,126.9960615
13,서울특별시 종로구 청계천로 41 (서린동),(주)영풍문고,37.5696304,126.9821706
14,서울특별시 용산구 한강대로23길 55 (한강로3가),아이파크몰(I PARK MALL),37.5298245,126.9645796
15,서울특별시 종로구 창경궁로 109 (인의동),세운스퀘어,37.5725238,126.9980383
16,서울특별시 종로구 종로 266 (종로6가),동대문종합시장,37.5703632,127.0071784
17,서울특별시 중구 청계천로 160 세운청계상가 (산림동),청계상가,37.5681618,126.9953217
18,서울특별시 중구 남대문시장4길 21 (남창동),서울남대문시장,37.55914730000001,126.977641
19,서울특별시 중구 마장로 30 (신당동),팀204,37.5676753,127.0131827
20,서울특별시 중구 청계천로 260-9 (을지로6가 통일의류종합상가),통일상가,37.5675139,127.0065887
21,서울특별시 중구 퇴계로 217 (충무로4가),진양상가,37.5622705,126.996153
22,서울특별시 중구 삼일대로 363 (장교동),상제리제상가,37.5672472,126.9871743
23,서울특별시 중구 마장로 19 (신당동),(주)에리어식스,37.5680858,127.0119502
24,서울특별시 중구 다산로 274 (흥인동),우일타운,37.5674439,127.0167756
25,서울특별시 중구 을지로 157 (을지로4가),대림상가,37.5668911,127.0003985
26,서울특별시 구로구 서해안로 2293 (오류동외 2필지),홈플러스 익스프레스 서울오류점,37.4914349,126.8397226
27,서울특별시 중구 동호로37길 20 (방산동),방산종합시장,37.5684292,127.0005215
28,서울특별시 중구 다산로 32 (신당동),남산타운5상가,37.5491389,127.0093824
29,서울특별시 중구 마장로1길 28 (신당동),아트프라자,37.5691587,127.0127816
30,서울특별시 종로구 종로44길 14 (창신동),동문시장,37.5704381,127.0110531
31,서울특별시 중구 다산로 32 (신당동),남산타운2상가,37.5491389,127.0093824
32,서울특별시 중구 장충단로 13-20 (을지로6가),현대시티타워,37.5686986,127.0076666
33,서울특별시 중랑구 용마산로 494 (망우동),홈플러스(주)익스프레스 망우점,37.597314,127.0955025
34,서울특별시 중구 퇴계로 123 (충무로2가),하이해리엇,37.5612578,126.9853023
35,서울특별시 중구 남대문시장10길 2 (회현동1가메사빌딩),신세계백화점메사점,37.5603299,126.9795682
36,서울특별시 중구 마장로1길 22 (신당동),올레오,37.568852,127.0126396
37,서울특별시 중구 다산로 56 제지2층 제비203호 (신당동 남산정은스카이아파트),롯데쇼핑(주)롯데슈퍼신당점,37.55375859999999,126.9809696
38,서울특별시 중구 명동8나길 47 (충무로1가),롯데쇼핑(주)롯데슈퍼명동점,37.5610236,126.9822628
39,서울특별시 중구 남대문로 81 (소공동),롯데백화점 본점,37.5649903,126.981369
40,서울특별시 중구 한강대로 405 (봉래동2가),롯데아울렛 서울역점,37.555042,126.9695336
41,서울특별시 중구 마장로1길 21 (신당동),(주)광희패션몰,37.5686442,127.0119168
42,서울특별시 중구 다산로 32 (신당동),(주)지에스리테일 남산타운점,37.5491389,127.0093824
43,서울특별시 중구 장충단로 263 (을지로6가),밀리오레,37.5675139,127.0065887
44,서울특별시 중구 남대문로 30 (남창동),굳앤굳 디자이너월드,37.560515,126.9783614
45,서울특별시 중구 장충단로 282-10 (신당동),남평화상가(주),37.5691305,127.0108146
46,서울특별시 중구 남창동 51번지 1호,숭례문상가,37.5589993,126.9759543
47,서울특별시 중구 을지로 30 (소공동 롯데호텔),호텔롯데아케이드,37.5649903,126.981369
48,서울특별시 성동구 행당로 6 (금호동1가),홈플러스(주) 익스프레스 금호점,37.5546877,127.0285456
49,서울특별시 중구 마장로 13 (신당동),제일평화시장,37.5684231,127.011236
50,서울특별시 중구 마장로 3 (신당동),맥스타일,37.5686858,127.0105375
51,서울특별시 중구 장충단로13길 34 (을지로6가),동화상가,37.5682657,127.0070271
52,서울특별시 중구 을지로45길 62 (신당동),누죤,37.5669052,127.0129947
53,서울특별시 중구 장충단로 275 (을지로6가),두타몰,37.5689316,127.0087977
54,서울특별시 중구 남대문시장8길 7 (남창동),삼익패션타운,37.5603965,126.9789324
55,서울특별시 중구 을지로45길 72 (신당동),디자이너크럽,37.5673887,127.0130676
56,서울특별시 중구 명동8가길 27 (충무로2가),선싸인,37.5618939,126.9864389
57,서울특별시 중구 마장로1길 18 (신당동),혜양엘리시움,37.5686005,127.0126271
58,서울특별시 중구 소월로 9 (남창동),남정종합상가,37.5592803,126.9789465
59,서울특별시 중구 을지로 276 (을지로7가 apMPLACE),에이피엠플레이스,37.5652675,127.0084174
60,서울특별시 중구 마장로 22 (신당동 DDP FASHION MALL),DDP FASHION MALL,37.567612,127.0123205
61,서울특별시 중구 만리재로 175 401동 91011호 (만리동2가),지에스수퍼마켓 중구만리점,37.5547643,126.964253
62,서울특별시 중구 퇴계로85길 22 (황학동),서울중앙시장,37.5667491,127.0197908
63,서울특별시 중구 장충단로 253 (을지로6가),헬로우에이피엠,37.5675139,127.0065887
64,서울특별시 중구 청파로 426 (봉래동2가),롯데쇼핑(주)롯데마트서울역점,37.5574069,126.9694999
65,서울특별시 중구 청계천로 334 (신당동),청평화시장,37.56942799999999,127.0149254
66,서울특별시 중구 남대문로 67 (남대문로2가),롯데쇼핑본점영플라자,37.565734,126.9828666
67,서울특별시 중구 다산로 293 (신당동),디오트,37.5691202,127.0149759
68,서울특별시 중구 청계천로 400-0 (황학동),주식회사 이마트 청계천점,37.5708733,127.0213284
69,서울특별시 중구 청계천로 400 (황학동),베네치아메가몰,37.5666494,127.0201464
70,서울특별시 중구 명동8길 27 (명동2가 엠 플라자),엠플라자(M plaza),37.5625191,126.9853142
71,서울특별시 중구 장충단로 247 (을지로6가굿모닝시티쇼핑몰),굿모닝시티 쇼핑몰,37.5668311,127.0075414
72,서울특별시 중구 명동길 14 (명동2가),눈스퀘어,37.5633734,126.9828862
73,서울특별시 용산구 이촌로 352 (용산동6가),롯데쇼핑(주)롯데슈퍼 신동아점,37.5173454,126.985164
74,서울특별시 용산구 대사관로34길 26 허준빌딩 1층 (한남동),롯데슈퍼 한남점(가맹점),37.5320965,127.0056264
75,서울특별시 한강대로77길 12,롯데쇼핑(주)롯데market999갈월점,37.5421713,126.9718845
76,서울특별시 용산구 백범로 341 (원효로1가),롯데쇼핑(주)롯데슈퍼원효로점,37.5380311,126.9675813
77,서울특별시 용산구 한강로1가 191호   ,국제센터아케이드,37.5333789,126.9741516
78,서울특별시 용산구 청파로 113-12 (한강로2가),(주)전자타운,37.53319279999999,126.9702631
79,서울특별시 용산구 한강대로 92 (한강로2가),LS Avenue,37.5312613,126.9706099
80,서울특별시 용산구 새창로 181 (한강로2가 선인상가),선인상가,37.5329997,126.9651818
81,서울특별시 용산구 보광로 30 (보광동),보광시장,37.5292094,126.9991229
82,서울특별시 용산구 효창원로 270 (서계동),만리시장,37.551831,126.9628825
83,서울특별시 용산구 이태원로 179 (이태원동),해밀톤 쇼핑몰,37.5438352,126.994237
84,서울특별시 용산구 청파로 74 (한강로3가),(주)에스와이에스홀딩스,37.5327608,126.9595278
85,서울특별시 용산구 청파로 77 (원효로3가),원효전자상가,37.5345221,126.9574604
86,서울특별시 용산구 이촌로 352 (용산동6가),신동아 쇼핑센터,37.5173454,126.985164
87,서울특별시 용산구 청파로 122 (한강로2가),(주)농협유통하나로클럽용산점,37.5303842,126.9700517
88,서울특별시 용산구 청파로 113-12 (한강로2가),전자타운,37.53319279999999,126.9702631
89,서울특별시 용산구 이태원로14길 6 (이태원동),이태원시장,37.5337979,126.990044
90,서울특별시 성북구 삼선교로 6 (삼선동1가),홈플러스익스프레스 삼선점,37.5865751,127.0075235
91,서울특별시 성동구 동호로 100 (금호동3가),홈플러스(주) 익프스레스 금호2점,37.5498685,127.0162524
92,서울특별시 성동구 왕십리로 333 (하왕십리동),홈플러스(주) 익스프레스 왕십리점,37.5681024,127.0282799
93,서울특별시 성동구 성수이로 32-15 (성수동2가),뚝도시장,37.5377581,127.0548153
94,서울특별시 성동구 아차산로 41 (성수동1가),홈플러스(주)익스프레스 뚝섬점,37.5469252,127.0489711
95,서울특별시 성동구 자동차시장1길 70 (용답동 장안평중고자동차시장),자동차매매센타,37.560173,127.06623
96,서울특별시 성동구 독서당로 160 한남하이츠아파트 (옥수동),한남하이츠상가,37.5398165,127.0137446
97,서울특별시 성동구 행당로 87 행당동 대림아파트 (행당동),대림리빙프라자,37.5578253,127.027423
98,서울특별시 성동구 행당로 84 행당 한진타운 종합상가 (행당동),한진종합상가,37.5555573,127.0289482
99,서울특별시 뚝섬로 379,(주)이마트 성수점,37.5399389,127.0531674
100,서울특별시 성동구 아차산로7길 28 (성수동2가),(주)인트램,37.547517,127.0554628
101,서울특별시 성동구 마장로35길 68 (마장동),토우마트마축일시장,37.5706431,127.0412606
102,서울특별시 성동구 마장로31길 40 (마장동일대),마장축산물시장,37.5697882,127.0384008
103,서울특별시 성동구 무학로6길 50 (도선동),성동삼성쉐르빌상가,37.5642545,127.0349244
104,서울특별시 성동구 왕십리광장로 17 (행당동),(주)이마트 왕십리점,37.5621482,127.0379421
105,서울특별시 성동구 왕십리광장로 17 왕십리민자역사 (행당동),ENTER-6,37.560721,127.0382253
106,서울특별시 성동구 한림말길 56 (옥수동),GS수퍼 성동옥수점,37.5409152,127.017273
107,서울특별시 성동구 용답동 49번지 5호,성동용답상가시장,37.5635175,127.0521741
108,서울특별시 성동구 왕십리로 241 (행당동),파크에비뉴 엔터식스 한양대점,37.5574629,127.0347413
109,서울특별시 성동구 왕십리로 241 (행당동 서울숲 더샵),노브랜드 엔터식스한양대점,37.5569482,127.0403161
110,서울특별시 광진구 자양로 293 (구의동),롯데쇼핑(주)롯데슈퍼 아차산점,37.55191190000001,127.0921662
111,서울특별시 광진구 아차산로 473 (구의동),홈플러스익스프레스 구의2점,37.5404567,127.09432
112,서울특별시 광진구 뚝섬로 491 (자양동),노룬산시장,37.5364146,127.0647771
113,서울특별시 광진구 아차산로30길 39 (자양동),조양시장,37.5388782,127.067419
114,서울특별시 광진구 긴고랑로11길 11 (중곡동),중곡제일시장,37.5638702,127.081286
115,서울특별시 광진구 광나루로 369 (군자동),파크에비뉴,37.549094,127.0731087
116,서울특별시 광진구 긴고랑로 60 (중곡동),롯데쇼핑(주)롯데슈퍼 중곡점,37.5618437,127.0826714
117,서울특별시 금천구 가산로 106 (가산동),홈플러스(주)익스프레스 가산점,37.475374,126.8936524
118,서울특별시 광진구 능동로13길 39 (화양동),(주)지에스리테일GS수퍼 광진화양점,37.5463936,127.0720304
119,서울특별시 광진구 용마산로 10 (중곡동),홈플러스익스프레스 중곡2점,37.5605935,127.0881415
120,서울특별시 광진구 영화사로 12 (중곡동),신성종합시장,37.5580016,127.0884852
121,서울특별시 광진구 자양번영로6길 20 (자양동),자양종합시장,37.5319304,127.0763839
122,서울특별시 성북구 돈암동 609번지 1  호   ,동소문스카이프라자,37.5947663,127.0104379
123,서울특별시 광진구 광나루로56길 85 (구의동),테크노-마트21,37.5349372,127.0957088
124,서울특별시 광진구 광나루로56길 85 (구의동),롯데쇼핑(주)롯데마트 강변점,37.5349372,127.0957088
125,서울특별시 광진구 자양로5길 33 (자양동),프라젠 스파,37.5308753,127.0841313
126,서울특별시 광진구 능동로 92 (자양동),롯데백화점 건대스타시티점,37.5387765,127.0710831
127,서울특별시 광진구 아차산로 272 (자양동),(주)이마트 자양점,37.5384947,127.0734221
128,서울특별시 광진구 아차산로 200 (자양동),커먼그라운드,37.5355474,127.0617714
129,서울특별시 광진구 능동로13길 39 (화양동),한아름시장,37.5463936,127.0720304
130,서울특별시 광진구 능동로47길 30 (중곡동),광성시장,37.5626197,127.0853672
131,서울특별시 광진구 강변역로 50 (구의동),동서울터미널상가,37.5333713,127.0933675
132,서울특별시 광진구 광나루로 635 (광장동),현대종합상가,37.5406764,127.098826
133,서울특별시 광진구 광나루로56길 63 (구의동),프라임프라자상가,37.5373373,127.0976724
134,서울특별시 동대문구 천호대로4길 21 (신설동),서울풍물시장,37.5730037,127.0256147
135,서울특별시 동대문구 왕산로 214 (전농동),롯데백화점 청량리역사점,37.5792928,127.0479007
136,서울특별시 동대문구 왕산로 214 (전농동),롯데쇼핑(주)롯데마트 청량리점,37.5792928,127.0479007
137,서울특별시 동대문구 한천로 42 (장안동),장안위더스빌,37.579639,127.0691065
138,서울특별시 동대문구 왕산로34길 26 (용두동 청량리동부청과시장),동부청과(주),37.5780198,127.0430589
139,서울특별시 동대문구 왕산로 117 (제기동),불로장생타워,37.5785075,127.0364899
140,서울특별시 동대문구 용두동 787번지 동의보감타워,건강백화점 동의보감,37.577823,127.0376902
141,서울특별시 동대문구 이문1동 292번지 10호 (주)이문종합상가 이문동웰츠타워,대규모점포 개설등록,37.5986435,127.0619327
142,서울특별시 동대문구 이문로 136 (이문동),(주)이마트에브리데이 이문점,37.5984506,127.0618484
143,서울특별시 동대문구 장안동 108번지 5호,전곡시장,37.5784716,127.0690901
144,서울특별시 동대문구 회기동 346번지 18 호,휘경시장,37.5905954,127.0547318
145,서울특별시 동대문구 회기동 346번지 18 호,이경시장,37.5905954,127.0547318
146,서울특별시 동대문구 이문로 136 (이문동),이문제일시장,37.5984506,127.0618484
147,서울특별시 동대문구 왕산로 109 (제기동),한솔동의보감,37.5785145,127.0354922
148,서울특별시 동대문구 답십리로 288 (장안동),(주)형지쇼핑 아트몰링 장안점,37.5718718,127.0723465
149,서울특별시 동대문구 이문로 88 (이문동),롯데쇼핑(주) 롯데마켓 999 이문점,37.59460740000001,127.0593193
150,서울특별시 동대문구  이문로  37 (회기동),베라체캠퍼스 에비뉴,37.5907694,127.0561043
151,서울특별시 동대문구 사가정로 148 (전농동 SK아파트),롯데쇼핑(주) 롯데슈퍼 전농점,37.5769517,127.0612944
152,서울특별시 동대문구 한천로46길 42 (장안동),롯데쇼핑(주) 롯데슈퍼 장안점,37.5814261,127.0706893
153,서울특별시 동대문구 용두동 231번지 5호,용두시장,37.5783388,127.0301009
154,서울특별시 마포구 토정로 282 (용강동),홈플러스익스프레스용강점,37.5421246,126.9413076
155,서울특별시 동대문구 제기동 650호,동서시장,37.579702,127.0413459
156,서울특별시 동대문구 홍릉로 13 (청량리동),청량리현대코아,37.5814385,127.0443783
157,서울특별시 성북구 길음동 540번지 2   호   ,길음시장,37.6035963,127.0218715
158,서울특별시 동대문구 서울시립대로 36 (전농동),전농프라자,37.5745352,127.0468858
159,서울특별시 동대문구 전농로 147 (전농동),전농로타리시장,37.5779006,127.0569845
160,서울특별시 동대문구 답십리동 265번지 5호,동부시장,37.56902609999999,127.0573024
161,서울특별시 동대문구 이문로 136 (이문동),이문동웰츠타워,37.5984506,127.0618484
162,서울특별시 동대문구 신설동 109번지 5호,서울특별시장,37.571974,127.0235599
163,서울특별시 마포구 양화로 45 (서교동 메세나폴리스),홈플러스 합정점,37.5499443,126.9137027
164,서울특별시 동대문구 한천로 42 (장안동),노브랜드 동대문 장안점,37.579639,127.0691065
165,서울특별시 동대문구 고산자로36길 3 2층 (제기동),노브랜드 경동시장점,37.5792013,127.0391628
166,서울특별시 중랑구 봉화산로 221 (신내동),동성타워프라자,37.6080126,127.097218
167,서울특별시 중랑구 동일로129길 35 (중화동),태능엔터피아 번영회,37.5991759,127.0774943
168,서울특별시 중랑구 망우로 353-0 (상봉동 프레미어스 엠코),이노시티,37.598081,127.0905951
169,서울특별시 중랑구 면목로74길 45 (면목동),동원,37.5897984,127.0898741
170,서울특별시 중랑구 상봉로 118 (망우동),주식회사 이마트 상봉점,37.596438,127.0935903
171,서울특별시 중랑구 동일로 932 (묵동),주식회사 이마트 묵동점,37.613797,127.0775029
172,서울특별시 중랑구 망우로 336 (상봉동),코스트코홀세일 상봉점,37.5967521,127.0902753
173,서울특별시 성북구 성북로4길 52 (돈암동 한신한진아파트),동소문스카이상가,37.5959769,127.0126276
174,서울특별시 성북구 오패산로4길 17 (하월곡동),롯데마켓999 하월곡점,37.6041572,127.0388147
175,서울특별시 성북구 월계로40길 7 (장위동),롯데마이슈퍼 장위점,37.6228267,127.048397
176,서울특별시 성북구 정릉로 307 (정릉동),롯데마이슈퍼 정릉점,37.6032405,127.0182023
177,서울특별시 성북구 돌곶이로22가길 27 (석관동),석관시장,37.6091085,127.060318
178,서울특별시 성북구 인촌로2길 37 (보문동4가),보문시장(주),37.5841368,127.0209204
179,서울특별시 성북구 한천로73길 26 (석관동),석관황금시장,37.6096949,127.0619937
180,서울특별시 성북구 장월로12길 41-1 (장위동),장위전통시장,37.6120349,127.0507307
181,서울특별시 성북구 도봉로 17 (길음동),이마트 미아점,37.6108648,127.0296051
182,서울특별시 성북구 동소문로 106 (동선동1가),유타쇼핑몰,37.5925414,127.0170871
183,서울특별시 망우로 353-0 (상봉동 프레미어스 엠코),홈플러스(주) 서울 상봉점,37.598081,127.0905951
184,서울특별시 중구 남대문로2가 9-1,센터포인트 명동,37.5646017,126.9826918
185,서울특별시 성북구 종암로 167 (하월곡동 동일하이빌뉴시티아파트),이마트 하월곡점,37.604314,127.0309948
186,서울특별시 성북구 보문사길 111 (보문동6가 보문파크뷰자이),(주)지에스리테일 성북보문점,37.5806752,127.0177956
187,서울특별시 성북구 보문동4가 1번지 1   호   ,보문시장,37.5841168,127.0209093
188,서울특별시 성북구 하월곡동 88번지 345호   ,미아시장,37.60600280000001,127.0280747
189,서울특별시 성북구 석관동 338번지 18호   ,새석관시장,37.6091534,127.0552185
190,서울특별시 성북구 장위동 301호   ,번동시장,37.62138119999999,127.047909
191,서울특별시 성북구 동소문로 315 (길음동 현대백화점미아점),현대백화점 미아점,37.6083313,127.0287845
192,서울특별시 성북구 길음동 25번지 2호,신세계이마트미아점,37.6113706,127.0296427
193,서울특별시 성북구 장위동 60번지 1호,삼익아파트상가,37.6134745,127.0568707
194,서울특별시 성북구 종암로 132 (종암동 종암우림카이저팰리스),종암우림카이저팰리스주상복합,37.6019481,127.0334909
195,서울특별시 성북구 성북로4길 52 (돈암동 한진아파트),GS슈퍼마켓 동소문점,37.5959769,127.0126276
196,서울특별시 성북구 북악산로 844 (돈암동 돈암이수브라운스톤아파트),GS슈퍼마켓 돈암점,37.5984207,127.0168806
197,서울특별시 성북구 길음로 33 (길음동 길음뉴타운8단지아파트),GS슈퍼마켓 길음뉴타운점,37.6074709,127.0180208
198,서울특별시 성북구 길음로 103 (길음동),GS수퍼마켓 길음점,37.6108817,127.0179252
199,서울특별시 성북구 월곡1동 62번지 1호,롯데슈퍼하월곡점,37.6043108,127.0374412
200,서울특별시 성북구 동소문로 98 (동소문동5가),롯데마이슈퍼 동소문점,37.5913391,127.0161835
201,서울특별시 강북구 도봉로33길 18 (미아동),(주)농협유통 미아점,37.621528,127.0264618
202,서울특별시 강북구 도봉로67길 18 수유시장 (수유동),수유시장,37.630768,127.023174
203,서울특별시 강북구 노해로17길 21 수유중앙시장 (수유동),수유중앙시장,37.6402778,127.0211111
204,서울특별시 은평구 서오릉로 145 (구산동),홈플러스(주)익스프레스구산점,37.6124865,126.9094837
205,서울특별시 강북구 한천로123길 26 (번동),북부시장,37.6362494,127.0303593
206,서울특별시 강북구 솔샘로 233 동북프라자 (미아동),동북시장,37.6201744,127.0186462
207,서울특별시 강북구 노해로23길 68 (수유동),우이시장,37.6460291,127.0199895
208,서울특별시 강북구 도봉로 52 (미아동),연이스퀘어,37.6310064,127.0280743
209,서울특별시 영등포구 도신로 75 (도림동),홈플러스(주) 익스프레스 도림점,37.5099509,126.908024
210,서울특별시 강북구 도봉로 261 (수유동 삼호아파트수유프라자),수유프라자,37.6319139,127.0236044
211,서울특별시 강북구 도봉로 45 (미아동),숭인시장,37.6313749,127.0281749
212,서울특별시 강북구 도봉로 62 (미아동),롯데백화점 미아점,37.6145502,127.0305098
213,서울특별시 강북구 한천로148길 12-43 (수유동),강북종합시장,37.64215859999999,127.0254623
214,서울특별시 강북구 삼양로91길 11-12 (수유동),수유북부시장,37.6364087,127.0160767
215,서울특별시 강북구 도봉로 34 (미아동),트레지오,37.6319203,127.0280953
216,서울특별시 강북구 한천로123길 26 (번동),강북 북부시장,37.6362494,127.0303593
217,서울특별시 강북구 삼양로27길 35-21 (미아동),(주)지에스리테일GS수퍼 강북미아점,37.6179042,127.0190452
218,서울특별시 강북구 삼양로 247 (미아동),롯데쇼핑(주) 롯데마트 삼양점,37.6254731,127.0177185
219,서울특별시 강북구 도봉로67길 18 (수유동),롯데쇼핑(주)롯데슈퍼수유점,37.630752,127.0229047
220,서울특별시 강북구 도봉로 157 112호 (미아동 두원프라자),(주)이마트에브리데이 미아동점,37.6339764,127.0268879
221,서울특별시 도봉구 방학로5길 33 금강아미움파크타운 (쌍문동 금강아미움파크타운),금강아미움쇼핑센터,37.6613476,127.0381877
222,서울특별시 도봉구 마들로 724 (도봉동),도봉한양프라자,37.67449939999999,127.0476796
223,서울특별시 도봉구 방학로 223 (방학동),신동아프라자,37.6613533,127.0273354
224,서울특별시 성북구 장월로12길 41-1 장위전통시장 상인회 (장위동),장위전통시장상인회,37.6102808,127.0512945
225,서울특별시 도봉구 도봉로180나길 41 (도봉동),도봉한신쇼핑상가,37.6857879,127.0479503
226,서울특별시 도봉구 덕릉로63가길 61 (창동),대우상가,37.6423565,127.0375024
227,서울특별시 도봉구 도봉로104길 53 (창동),(주)에브리데이리테일 창동점,37.6433843,127.0350381
228,서울특별시 도봉구 도당로 10 (쌍문동),롯데슈퍼 쌍문점,37.65907139999999,127.0352919
229,서울특별시 도봉구 도봉로110길 65 (창동),롯데슈퍼 창동점,37.6463765,127.0371253
230,서울특별시 도봉구 덕릉로57길 30 (창동),삼익쇼핑,37.6400034,127.0372143
231,서울특별시 도봉구 노해로65길 4 (창동),(주) 이마트 창동점,37.6516821,127.046933
232,서울특별시 도봉구 방학로 223 (방학동),롯데슈퍼 방학점,37.6613533,127.0273354
233,서울특별시 노원구 마들로 31 (월계동),(주)지에스리테일 GS슈퍼 노원월계점,37.6176466,127.0685939
234,서울특별시 서대문구 거북골로 100 지하3층 32333435호 (남가좌동 래미안 루센티아),GS THE FRESH 남가좌디엠씨점,37.5762208,126.9176445
235,서울특별시 노원구 한글비석로 57 (하계동 세이브존),세이브존,37.636639,127.0684032
236,서울특별시 도봉구 도봉로104길 53 (창동),(주)이마트에브리데이 창동점,37.6433843,127.0350381
237,서울특별시 도봉구 도봉로 678 (방학동),홈플러스(주)방학점,37.6622619,127.0416929
238,서울특별시 노원구 마들로3길 15 (월계동 월계이마트),이마트타운 월계점,37.6265118,127.0619079
239,서울특별시 노원구 노원로 330 (중계동 롯데마트),롯데마트 중계점,37.6466484,127.0709824
240,서울특별시 성북구 보문로 61 (보문동7가),홈플러스익스프레스 보문점,37.5801305,127.0208857
241,서울특별시 노원구 노해로 507 (상계동),와우패션클럽,37.6553724,127.0638843
242,서울특별시 노원구 중계동 506번지 1   호,건영옴니백화점,37.6393876,127.0642707
243,서울특별시 노원구 상계로23다길 13-8 (상계동),노원아이파크 상가,37.6595599,127.0691688
244,서울특별시 노원구 한글비석로 471 (상계동),(주)지에스리테일 GS수퍼상계점,37.6640332,127.0653748
245,서울특별시 노원구 공릉로 144 (공릉동 공릉빌딩),롯데쇼핑(주) 롯데슈퍼공릉점,37.6227575,127.0794776
246,서울특별시 노원구 한글비석로 232 (중계동 유경데파트),유경데파트,37.6484228,127.076924
247,서울특별시 노원구 동일로180길 14 (공릉동 공릉종합상가),공릉종합상가,37.6219188,127.0752955
248,서울특별시 노원구 한글비석로 396 (상계동),상계역전종합상가,37.6612726,127.0726949
249,서울특별시 은평구 응암로 252 (응암동),응암시장,37.59438129999999,126.9184933
250,서울특별시 서대문구 홍은중앙로 89(홍은동),이마트에브리데이 홍은점,37.5989724,126.9473323
251,서울특별시 서초구 잠원로 69 (잠원동),킴스클럽,37.5102313,127.0069616
252,서울특별시 은평구 연서로17길 18-6 (갈현동),역촌중앙시장,37.6220821,126.9137086
253,서울특별시 은평구 응암동 754번지 1호,대림시장,37.5864437,126.9183421
254,서울특별시 은평구 불광로 90-0 (불광동),대호프라자상가,37.6147032,126.9329567
255,서울특별시 은평구 역촌동 31번지 6  호   ,서부종합시장,37.6054677,126.9030911
256,서울특별시 은평구 통일로 780 (불광동),불광미성상가,37.6123992,126.9292744
257,서울특별시 성북구 길음로13길 22 (길음동),홈플러스익스프레스 길음점,37.6095887,127.0186795
258,서울특별시 은평구 통일로 842 (불광동),범서쇼핑,37.61861080000001,126.922168
259,서울특별시 은평구 구산동 182번지 6  호   ,현대화유통기업(주),37.6092538,126.9079465
260,서울특별시 은평구 진관내동 500번지 2  호   ,(주)미소종합유통,37.6394116,126.9186759
261,서울특별시 은평구 통일로 856 (불광동),메트로,37.619582,126.9213293
262,서울특별시 은평구 진흥로 103 (역촌동),롯데쇼핑(주) 롯데슈퍼 역촌점,37.6044517,126.9169535
263,서울특별시 은평구 수색로 217 (수색동),(주)이마트 수색점,37.5795991,126.8987214
264,서울특별시 은평구 은평로 111 (응암동),(주)이마트 은평점,37.60077709999999,126.9204992
265,서울특별시 은평구 수색동 205번지 21  호   ,수일시장,37.5857761,126.8954941
266,서울특별시 은평구 불광로 20 (대조동),팜스퀘어,37.6097566,126.928882
267,서울특별시 은평구 응암동 300번지 11 호   ,양지시장,37.5920775,126.923039
268,서울특별시 강동구 구천면로 189 (천호동),이천일아울렛 천호점,37.5408356,127.133087
269,서울특별시 강서구 강서로56길 17 (등촌동),(주) 이랜드리테일 강서점,37.55990389999999,126.8405122
270,서울특별시 은평구 통일로 842 (불광동),롯데쇼핑(주)롯데슈퍼범서점,37.61861080000001,126.922168
271,서울특별시 은평구 대조동 14번지 24호   ,불광시장(주),37.6097763,126.9286745
272,서울특별시 은평구 대조동 14번지 37  호   ,대조시장,37.6097763,126.9286745
273,서울특별시 통일로 484 (유진상가),유진상가,37.5915033,126.9429722
274,서울특별시 서대문구 수색로2길 45 (남가좌동),모래내시장(주),37.5704283,126.9154449
275,서울특별시 서대문구 수색로2길 47 (남가좌동),서중시장,37.5705742,126.9155333
276,서울특별시 서대문구 신촌로 83 (창천동),현대백화점 신촌점,37.5594444,126.9363032
277,서울특별시 서대문구 신촌역로 30 (신촌동),신촌 밀리오레,37.5598311,126.9422422
278,서울특별시 양천구 목4동 727번지 736726738725739724723일대,목4동시장상인회,37.5371472,126.8665496
279,서울특별시 서대문구 이화여대1길 10 (대현동),예스에이피엠,37.5576095,126.9449016
280,서울특별시 서대문구 연희맛로 23 (연희동),연희슈퍼마켓,37.5671033,126.9296369
281,서울특별시 서대문구 응암로 54 (북가좌동),(주)GS리테일 북가좌점,37.5776948,126.9102269
282,서울특별시 서대문구 응암로 112 (북가좌동),홈플러스(주) 익스프레스 북가좌점,37.5824057,126.9135819
283,서울특별시 서대문구 통일로 484 유진상가 (홍제동),롯데슈퍼 유진점,37.5915033,126.9429722
284,서울특별시 서대문구 통일로 397 지4층 (홍제동 인왕산 한신휴플러스),롯데슈퍼 홍제2점,37.5850354,126.9474505
285,서울특별시 마포구 광성로 17 상가동 127호 (신수동 신촌숲아이파크),GS THE FRESH 신촌숲아이파크점,37.5507963,126.9345284
286,서울특별시 마포구 토정로 193 (구수동),롯데슈퍼 마포점,37.5458057,126.9325397
287,서울특별시 마포구 마포대로 109 (공덕동 롯데캐슬프레지던트),롯데프리미엄 푸드마켓,37.5448703,126.9507228
288,서울특별시 마포구 양화로 176 (동교동),스타피카소 아울렛,37.5573915,126.92721
289,서울특별시 마포구 연남로 30 (연남동 코오롱하늘채아파트),홈플러스익스프레스 연남점,37.5645062,126.9203641
290,서울특별시 마포구 숭문길 96 (염리동),염리시장,37.5506035,126.9468688
291,서울특별시 마포구 큰우물로 3 (대흥동),롯데슈퍼 대흥점,37.5453493,126.9401915
292,서울특별시 마포구  백범로  212 (신공덕동),(주)이마트 마포점,37.54884,126.9520077
293,서울특별시 광진구 광나루로56길 34 (구의동),구의현대종합상가,37.5381006,127.0966199
294,서울특별시 마포구 성미산로 198 (연남동),동진시장,37.5622222,126.9266667
295,서울특별시 마포구 만리재로 19 (공덕동),공덕시장,37.5446023,126.9531195
296,서울특별시 마포구 양화진길 5 (합정동),합정시장,37.5482465,126.9131681
297,서울특별시 구로구 경인로 319 (개봉동외 1필지 대림프라자 101호),홈플러스 익스프레스 개봉점,37.4975133,126.8556501
298,서울특별시 마포구 신촌로 88 (노고산동),롯데슈퍼 신촌점,37.55531320000001,126.9353351
299,서울특별시 마포구 망원2동 480번지 1호,성산시장,37.5577266,126.9067681
300,서울특별시 마포구 동교로12길 21 (서교동),영진시장,37.553439,126.9126648
301,서울특별시 마포구 토정로17길 17 (신수동),신수시장,37.5453998,126.9355907
302,서울특별시 마포구 월드컵로25길 26 (망원동),성산프라자(마포영화블렌하임),37.5585367,126.9062899
303,서울특별시 마포구 양화로 176 (동교동),YZ Park 홍대점,37.5573915,126.92721
304,서울특별시 중구 을지로36길 35 (오장동),중부시장,37.5650076,127.0018499
305,서울특별시 마포구 홍익로3길 20 (서교동),서교시장,37.5534532,126.9216835
306,서울특별시 마포구 월드컵로 235 (성산동),마포농수산물시장,37.5651127,126.8984913
307,서울특별시 마포구 창전로 45 (창전동),마포종합시장(서강한화오벨리스크),37.5465423,126.9317948
308,서울특별시 서초구 잠원로 51 (잠원동),뉴코아아울렛,37.509517,127.0073082
309,서울특별시 마포구 와우산로35길 50-4 (동교동),홍대복합역사 상업시설,37.5562364,126.9292978
310,서울특별시 양천구 월정로46길 11 (신월동외 1필지),롯데쇼핑(주)롯데슈퍼 신월점,37.5408931,126.8331008
311,서울특별시 양천구 화곡로 59 (신월동),(주)이마트 메트로 신월점,37.5397142,126.8285127
312,서울특별시 양천구 신정로13길 3 대우미래사랑5차아파트 103~105호 (신정동),롯데프레시 신정점,37.509706,126.8432621
313,서울특별시 양천구 목동로 223 (신정동),롯데쇼핑(주)롯데슈퍼목동점,37.528288,126.8637127
314,서울특별시 양천구 목동중앙본로7길 45 (목동),목동시장아울렛,37.5390936,126.8663422
315,서울특별시 양천구 지양로 78 (신월동),우성상가시장,37.52262290000001,126.8335585
316,서울특별시 양천구 목동동로 257 (목동),현대백화점목동점,37.5268253,126.8749782
317,서울특별시 양천구 목동동로 309 (목동),행복한백화점,37.5291722,126.8759793
318,서울특별시 양천구 목동남로4길 2 (신정동),신정동세양청마루2차상가,37.50824230000001,126.8645166
319,서울특별시 양천구 목동남로4길 2 (신정동 세양청마루2차주상복합),(주)지에스리테일 신정2점,37.5082247,126.8645332
320,서울특별시 양천구 신정4동 988번지 5호,(주)지에스리테일 GS수퍼 목동오거리점,37.5253056,126.8615655
321,서울특별시 양천구 목동서로 100 105호 (목동목동3단지아파트 관리동상가),롯데슈퍼 목동2점,37.5344813,126.871953
322,서울특별시 양천구 목동중앙북로 7 (목동),신한이모르젠상가,37.5492477,126.8656851
323,서울특별시 양천구 공항대로 610 (목동514514526527528530번지일대),목2동시장상인회,37.5490801,126.8657646
324,서울특별시 양천구 신월2동 446번지 447484463 신월4동427428번지일대,경창시장상인회,37.523752,126.8422677
325,서울특별시 양천구 목3동 602번지 610~618번지일대,목3동시장상인회,37.5483312,126.8673433
326,서울특별시 양천구 신월1동 105번지 106113114115118119일대,신영시장상인회,37.5336959,126.8354951
327,서울특별시 양천구 오목로 299 (목동),(주)이마트 목동점,37.5257763,126.8703272
328,서울특별시 노원구 동일로 1101 (공릉동),홈플러스(주)익스프레스 공릉점,37.6302524,127.0694461
329,서울특별시 양천구 목동중앙북로 68 (목동 목동에버하임),목동에버하임,37.53020830000001,126.8732314
330,서울특별시 강서구 양천로 410 (가양동),노브랜드 강서가양점,37.5613821,126.8314288
331,서울특별시 강서구 마곡서로 158 마곡센트럴타워Ⅱ 103~110 118 119호 (마곡동),이마트에브리데이 마곡점,37.5619185,126.826919
332,서울특별시 강서구 양천로 344 마곡센트럴대방디엠시티오피스텔 121-12호 (마곡동),롯데쇼핑㈜ 마켓999 양천향교역가맹점,37.5686067,126.8395831
333,서울특별시 강서구 허준로 16-12 동남빌딩 (가양동),㈜이마트에브리데이 양천향교역점,37.5698653,126.8432048
334,서울특별시 강서구 마곡서로 101 동익드미라벨복합빌딩 (마곡동),노브랜드 강서마곡점,37.5619185,126.826919
335,서울특별시 강서구 까치산로 106 (화곡동),홈플러스익스프레스 화곡2점,37.54751479999999,126.8492651
336,서울특별시 강서구 강서로 43 (화곡동),롯데쇼핑(주)롯데슈퍼화곡점,37.5315795,126.8465242
337,서울특별시 강서구 공항대로59다길 101 (염창동),롯데쇼핑(주)롯데슈퍼 염창2점,37.5516161,126.8685374
338,서울특별시 강서구 강서로 179 (화곡동),롯데쇼핑(주)롯데슈퍼화곡3동점,37.5423366,126.8393178
339,서울특별시 양천구 목동로 183(신정동),(주)이마트에브리데이 목동역점,37.5248201,126.8642982
340,서울특별시 강서구 화곡로 274 (화곡동 외4필지 크라운뷰 1층 104~109),(주)이마트에브리데이 화곡동점,37.5489235,126.8475383
341,서울특별시 양천로6길 15,롯데쇼핑(주)롯데슈퍼개화산점,37.57195160000001,126.8076882
342,서울특별시 강서구 방화동 620호,(주)공항시장,37.5627382,126.80853
343,서울특별시 강서구 강서로 267 (내발산동),롯데쇼핑(주)롯데슈퍼 우장산점,37.5495626,126.8359438
344,서울특별시 강서구 방화대로34길 83 (방화동),롯데쇼핑(주)롯데슈퍼 방화점,37.5709331,126.8207451
345,서울특별시 강서구 등촌로5길 80 (화곡동),씨에스유통 (롯데슈퍼화곡2점),37.5330576,126.8589924
346,서울특별시 강서구 방화동로 126 (방화동),삼정프라자,37.5719051,126.8119182
347,서울특별시 양천로 559 (가양이마트(E-MART)),(주)이마트 가양점,37.5581583,126.8617125
348,서울특별시 강서구 화곡로18길 24 (화곡동 강서 뉴타워),강서 뉴타워,37.5385461,126.8344743
349,서울특별시 강서구 양천로 687 1층 (염창동),(주)지에스리테일 염창점,37.5523121,126.8698974
350,서울특별시 강서구 월정로30길 69 (화곡동),화곡중앙시장,37.53544850000001,126.839437
351,서울특별시 강서구 강서로 267 (내발산동),송화시장,37.5495626,126.8359438
352,서울특별시 강서구 공항대로71길 49 (염창동),스페이스프라자,37.5494681,126.8727899
353,서울특별시 동작구 대방동 501번지,대림쇼핑타운,37.5071867,126.9246398
354,서울특별시 강서구 하늘길 38 (방화동 롯데몰 김포공항),롯데몰 김포공항,37.5632603,126.8031088
355,서울특별시 구로구 고척동 269번지 1   호   ,개봉프라자,37.5020755,126.8510848
356,서울특별시 구로구 구로동 614번지 33  호   ,라이프공구종합상가,37.5036592,126.8750239
357,서울특별시 구로구 고척동 50번지 48  호   ,고척시장,37.502779,126.8636448
358,서울특별시 구로구 구로동 169번지 2   호   ,배영설비(주),37.4898246,126.8922712
359,서울특별시 구로구 개봉동 324번지 1   호   ,개봉중앙시장,37.4916611,126.8539413
360,서울특별시 구로구 개봉동 361번지 1   호   ,개봉제일시장,37.4860121,126.852967
361,서울특별시 구로구 중앙로3길 50 (고척동 고척산업용품종합상가),고척산업용품상가,37.4992163,126.8607426
362,서울특별시 구로구 구일로10길 93 (구로동),사모아종합상가,37.4958312,126.8769349
363,서울특별시 구로구 구로동 604번지 1   호   ,서울구로기계공구상가,37.5043503,126.8795726
364,서울특별시 구로구 구로동 636번지 62  호   ,공구상가일번지,37.5006404,126.8778265
365,서울특별시 구로구 경인로 393-7 (고척동 123전자타운),일이삼전자타운,37.4974023,126.8630938
366,서울특별시 구로구 경인로 192 (오류동),삼익쇼핑센타,37.4903278,126.8378287
367,서울특별시 구로구 경인로53길 15 (구로동),중앙유통단지,37.5010068,126.8746679
368,서울특별시 구로구 구로중앙로 237 (구로동),라이프공구상가,37.5061995,126.8753364
369,서울특별시 구로구 중앙로 64 (고척동),고척스카이프라자,37.5036017,126.8627094
370,서울특별시 구로구 새말로 97 (구로동외 31필지),(주) 이마트 신도림점,37.5070431,126.8902185
371,서울특별시 구로구 구로중앙로 134 (구로동),나인스에비뉴,37.5000786,126.8840596
372,서울특별시 구로구 새말로 97 (구로동외 31필지),신도림 테크노마트,37.5070431,126.8902185
373,서울특별시 구로구 디지털로32길 43 (구로동),(주)이마트 구로점,37.4843537,126.89788
374,서울특별시 구로구 구로동 736번지 1   호   ,구로시장,37.488724,126.8850393
375,서울특별시 구로구 오류동 38번지 7   호   ,오류시장,37.4960618,126.8434033
376,서울특별시 구로구 경인로 662 (신도림동),주식회사 현대백화점 디큐브시티,37.5084321,126.8887332
377,서울특별시 은평구 갈현로 10 (신사동),홈플러스(주)익스프레스 신사점,37.6018735,126.9095051
378,서울특별시 구로구 중앙로3길 49 (고척동),동국종합상가,37.4985903,126.8618875
379,서울특별시 서초구 잠원로 37-6 (잠원동 뉴코아백화점빌딩),뉴코아백화점,37.5083248,127.0079914
380,서울특별시 구로구 구로동 188번지 26  호   ,이마트구로점,37.4846486,126.8958823
381,서울특별시 금천구 시흥대로 399 (독산동),시티렉스,37.4693273,126.8970414
382,서울특별시 금천구 남부순환로120길 23 (독산동),푸른터시장,37.4780127,126.9014192
383,서울특별시 금천구 시흥대로 97 (시흥동 시흥유통상가),시흥산업용재유통센터,37.4432532,126.9015412
384,서울특별시 금천구 벚꽃로 266 (가산동),마리오아울렛 3관,37.4785992,126.8851547
385,서울특별시 금천구 시흥대로47길 43 (시흥동),럭키남서울상가,37.4487403,126.8991848
386,서울특별시 금천구 시흥대로 46 (시흥동),시흥중앙철재상가,37.4364802,126.9039815
387,서울특별시 금천구 디지털로10길 9 (가산동),현대아울렛,37.4773564,126.8891438
388,서울특별시 금천구 시흥대로 109 (시흥동),시흥산업용재유통센타,37.443924,126.903422
389,서울특별시 금천구 범안로 1209 (독산동),유창상가,37.4667856,126.8962852
390,서울특별시 금천구 두산로 71 (독산동),롯데쇼핑(주) VIC 마켓 금천점,37.4704705,126.8956692
391,서울특별시 금천구 시흥대로52길 70 (시흥동),대명합동시장,37.4542843,126.9018783
392,서울특별시 영등포구 영등포동 618번지 496호,롯데백화점 영등포점,37.5135815,126.9045539
393,서울특별시 금천구 디지털로 185 (가산동),마리오아울렛 1관,37.4779193,126.8872055
394,서울특별시 금천구 벚꽃로 278 (가산동),롯데쇼핑(주) 아울렛 가산점,37.4793995,126.8846023
395,서울특별시 금천구 벚꽃로 30 (독산동 금천롯데캐슬골드파크2차),롯데캐슬 골드파크 2차 마르쉐도르,37.4579752,126.8943466
396,서울특별시 금천구 독산동 441번지 14호,롯데쇼핑(주) 금천 독산점,37.4600908,126.8957054
397,서울특별시 금천구 시흥대로 315 금천롯데캐슬골드파크4차 (독산동),롯데캐슬 골드파크 4차 마르쉐도르 960,37.459141,126.8974447
398,서울특별시 금천구 금하로 705 (시흥동),시흥중앙시장,37.4516133,126.9083675
399,서울특별시 은평구 불광로 121 (불광동),홈플러스(주)익스프레스 불광점,37.61759010000001,126.9328678
400,서울특별시 금천구 시흥대로 391 (독산동),삼성테스코(주)홈플러스 금천점,37.4686493,126.8968106
401,서울특별시 영등포구 당산로 34 (문래동3가),로데오 왁,37.5190963,126.8985932
402,서울특별시 영등포구 선유로 156 (양평동3가),코스트코 홀세일,37.5275272,126.892173
403,서울특별시 영등포구 영등포로 225 (영등포동5가),영신상가,37.5210958,126.9067076
404,서울특별시 영등포구 선유로 138 (양평동3가),롯데쇼핑(주) 롯데마트 양평점,37.5264464,126.8913573
405,서울특별시 영등포구 선유로 156 (양평동3가),코스트코홀세일,37.5275272,126.892173
406,서울특별시 영등포구 영등포동5가 20호   ,영등포지하상가,37.5200583,126.9057353
407,서울특별시 영등포구 여의도동 42번지 1   호   ,한화스토아여의점,37.5212881,126.9324988
408,서울특별시 영등포구 당산동3가 2번지 7 호   ,홍익상가,37.5262059,126.8994164
409,서울특별시 영등포구 도림동 176호   ,도림시장,37.5099291,126.8981024
410,서울특별시 영등포구 선유동1로 5 (양평동1가),양남시장,37.5228224,126.8911206
411,서울특별시 영등포구 신길동 259호   ,신동시장,37.50631320000001,126.9095553
412,서울특별시 영등포구 도신로60길 7 (신길동),대신시장,37.5112289,126.9175497
413,서울특별시 영등포구 대림로29길 13 (대림동),두암종합시장,37.4940422,126.8953963
414,서울특별시 영등포구 당산동1가 9번지 1   호   ,영등포농축수산물쎈타,37.521711,126.8982342
415,서울특별시 영등포구 영등포동5가 20호   ,영등포역앞지하상가,37.5200583,126.9057353
416,서울특별시 영등포구 영등포동5가 20호   ,영등포로타리지하상가,37.5200583,126.9057353
417,서울특별시 영등포구 영등포동5가 20호   ,삼구시장,37.5200583,126.9057353
418,서울특별시 영등포구 영등포로37길 4 (영등포동5가),동남시장,37.521777,126.9056132
419,서울특별시 영등포구 문래동3가 16호   ,영일시장,37.5179836,126.9009195
420,서울특별시 영등포구 여의대방로 65 (신길동),홈플러스(주) 익스프레스 신길점,37.5139543,126.9199876
421,서울특별시 영등포구 여의대로 108 (여의도동),THE HYUNDAI SEOUL,37.5237584,126.9225703
422,서울특별시 성북구 화랑로 76 (하월곡동 코업스타클래스),홈플러스 월곡점,37.6018094,127.0403791
423,서울특별시 영등포구 영중로 125 (영등포동8가),롯데쇼핑(주) VIC마켓 영등포점,37.5283387,126.905394
424,서울특별시 영등포구 여의동로3길 10 (여의도동여의도자이(아) 지하 1층),신세계 이마트 여의도점,37.5185234,126.9264625
425,서울특별시 영등포구 영중로 15 (영등포동4가),타임스퀘어,37.517007,126.9041419
426,서울특별시 영등포구 국제금융로 10 (여의도동),아이에프씨몰(IFC Mall),37.5249367,126.9252845
427,서울특별시 영등포구 신길로 41 (대림동),썬프라자,37.507708,126.90795
428,서울특별시 영등포구 여의동로3길 10 (여의도동),(주)이마트 여의도점,37.5181371,126.9261297
429,서울특별시 종로구 종로 1 (종로1가),종로1번지아케이트,37.5701623,126.9802978
430,서울특별시 영등포구 대림로29길 13 (대림동 대림동 쌍용 플래티넘-S),두암상가,37.4952615,126.8980579
431,서울특별시 노원구 중계로 225 (중계동),홈플러스(주)익스프레스 중계점,37.6496758,127.0745809
432,서울특별시 강서구 양천로 431 (가양동 홈플러스),홈플러스(주) 가양점,37.5642454,126.8499416
433,서울특별시 강서구  화곡로  398 (등촌동),홈플러스(주) 강서점,37.5584359,126.8547981
434,서울특별시 동작구 성대로 43 (상도동),홈플러스(주) 익스프레스 상도점,37.4989275,126.9336586
435,서울특별시 구로구 경인로 661 신도림1차푸르지오 (신도림동),홈플러스(주) 신도림점,37.5094291,126.8876466
436,서울특별시 동작구 상도로 102 (상도동 성대시장),성대종합시장,37.4997102,126.931528
437,서울특별시 동작구 서달로 150 (흑석동),해가든프라자,37.5065872,126.9621719
438,서울특별시 동작구 사당로 300 (사당동 이수자이),(주)이마트 이수점,37.4839828,126.9804085
439,서울특별시 동작구 동작대로29길 119 (사당동),(주)지에스리테일 GS수퍼 사당점,37.4897954,126.9760224
440,서울특별시 동작구 만양로 26 (상도동),홈플러스 익스프레스 상도2점,37.5077227,126.9492564
441,서울특별시 동작구  양녕로  170 (상도동),홈플러스 익스프레스 상도3점,37.4959904,126.9431195
442,서울특별시 동작구 상도로 346-1 (상도동 상도엠코타운 센트럴파크),(주)지에스리테일 상도 엠코타운점,37.4954415,126.9509774
443,서울특별시 동작구 여의대방로 30 에이동동 101호 (신대방동 현대상가),롯대슈펴 신대방점,37.4945424,126.9113669
444,서울특별시 동작구 사당로 215 (사당동),홈플러스(주) 익스프레스 남성점,37.4843751,126.9723299
445,서울특별시 송파구 백제고분로 207 (삼전동 제이 플레이스),홈플러스 익스프레스 삼전역점,37.5040847,127.0897711
446,서울특별시 동작구 동작대로 115 (사당동),(주) GS리테일 GS수퍼 사당태평점,37.4866967,126.9814391
447,서울특별시 관악구 조원로16길 27 (신림동),신림중앙시장,37.4830777,126.9114715
448,서울특별시 관악구 신림로23길 16 (신림동),일성트루엘상가,37.47044200000001,126.9344648
449,서울특별시 관악구 청림6길 3 110113호 (봉천동 관악푸르지오 상가),(주)지에스리테일 관악 봉천점,37.4872664,126.9607512
450,서울특별시 관악구 난곡로26길 4 (신림동),우림시장,37.4702368,126.920401
451,서울특별시 관악구 청림3길 10 (봉천동),관악쇼핑,37.4901886,126.9588927
452,서울특별시 관악구 남부순환로248길 35 (봉천동),원당종합시장,37.4743841,126.9659129
453,서울특별시 광진구 능동로 314 (중곡동),홈플러스(주)익스프레스 중곡점,37.5575655,127.0800154
454,서울특별시 관악구 난곡로 220 (신림동),(주)천성세이브마트,37.4742767,126.9179969
455,서울특별시  봉천로 209,롯데쇼핑(주) 관악점,37.4905756,126.9249911
456,서울특별시 관악구 쑥고개로 111 (봉천동),(주)지에스리테일 관악점,37.4793076,126.9489828
457,서울특별시 관악구 봉천로 576 (봉천동),(주)지에스리테일 낙성대점,37.4769022,126.9612462
458,서울특별시 관악구 봉천동 951번지 25호   ,봉일시장,37.4860303,126.9389947
459,서울특별시 관악구 양녕로 49 (봉천동),봉천현대시장,37.4863912,126.9465011
460,서울특별시 관악구 신림동 1426번지 7호,가야쇼핑,37.48747669999999,126.9298355
461,서울특별시 관악구 관악로 212 (봉천동),관악프라자,37.4835132,126.9551167
462,서울특별시 관악구 관악로40길 47 (봉천동),관악현대상가,37.4843348,126.953572
463,서울특별시 관악구 신림로29길 8 (신림동),신림현대종합상가,37.4751189,126.9325194
464,서울특별시 관악구 신림로 340 (신림동),르네상스쇼핑몰(주),37.4847217,126.9300784
465,서울특별시 관악구 남부순환로 1820 (봉천동),라붐아울렛,37.4809094,126.9520957
466,서울특별시 서초구 방배중앙로 198 (방배동),롯데쇼핑(주)롯데슈퍼 방배점,37.4967699,126.9856755
467,서울특별시 서초구 신반포로 23 (반포동),엘루체,37.5017064,126.9872169
468,서울특별시 서초구 사임당로 151 (서초동),무지개쇼핑,37.4921048,127.0257835
469,서울특별시 방배로33길 29,롯데슈퍼 방배2점,37.4912177,126.9892572
470,서울특별시 서초구 효령로 304 (서초동),국제전자도매센타,37.4847094,127.0177836
471,서울특별시 서초구 신반포로3길 8 (반포동),반포프라자,37.501937,126.9868892
472,서울특별시 송파구 가락로28길 7 (송파동),홈플러스(주) 익스프레스 송파점,37.50663830000001,127.1168368
473,서울특별시 서초구 사임당로 130 (서초동),신동아종합상가,37.4912532,127.0242419
474,서울특별시 서초구 방배천로16길 18 (방배동),방배종합시장,37.4819061,126.9838819
475,서울특별시 서초구 신반포로15길 29 (반포동),신반포종합시장,37.5054321,126.9946857
476,서울특별시 서초구 서초중앙로22길 25 (서초동),대림서초리시온,37.49343,127.0154303
477,서울특별시 서초구 서초중앙로 188 (서초동),아크로비스타 아케이드,37.4981551,127.0131528
478,서울특별시 서초구 매헌로 16 (양재동),하이브랜드,37.4665323,127.0355485
479,서울특별시 서초구 강남대로 465 (서초동),교보타워 지하아케이드,37.5037208,127.0240967
480,서울특별시 서초구 방배로33길 29 (방배동),이수시장,37.4912177,126.9892572
481,서울특별시 서초구 양재대로 159 (양재동),코스트코코리아,37.4619661,127.03607
482,서울특별시 서초구 서초동 1498번지 5호  (영업장 지하1층지하2층),롯데쇼핑(주) 롯데마트 서초점,37.5054942,127.006719
483,서울특별시 서초구 효령로 391 (서초동 무지개아파트),무지개종합상가,37.487784,127.026218
484,서울특별시 서초구 신반포로 194 (반포동),터미널상가,37.5054942,127.006719
485,서울특별시 서초구 신반포로 176 (반포동),신세계백화점 강남점,37.5041299,127.0030692
486,서울특별시 서초구 매헌로 16 (양재동하이브랜드 지하1층),(주)이마트 양재점,37.4631657,127.0365398
487,서울특별시 서초구 고무래로 90-7 (서초동),서초쇼핑,37.4998848,127.0174389
488,서울특별시 서초구 서초중앙로 220 (반포동),한양스토아,37.5017333,127.013169
489,서울특별시 서초구 방배로37길 11 1층 (방배동 삼호회관),(주)지에스리테일 서초방배점,37.4934746,126.9891307
490,서울특별시 강남구 압구정로29길 72-1 (압구정동),신사상가,37.5322509,127.0283956
491,서울특별시 강남구 학동로101길 26 (청담동),청담삼익시장,37.5224076,127.0576076
492,서울특별시 강남구 남부순환로 2912 (대치동 개포우성아파트),그랑프리,37.4909621,127.0573806
493,서울특별시 강남구 남부순환로 2917 (대치동),청실종합상가,37.49311,127.059064
494,서울특별시 강남구 삼성로64길 41 (대치동),대치종합상가,37.5004466,127.0627992
495,서울특별시 강남구 개포로109길 5 (개포동 대청아파트),대치1단지상가,37.4940505,127.0753177
496,서울특별시 강남구 개포로109길 21 (개포동 대청아파트),대치2단지상가,37.4940505,127.0753177
497,서울특별시 강남구 도곡로 401 (대치동),롯데백화점(강남점),37.4969255,127.0532731
498,서울특별시 강남구 테헤란로87길 22-0 (삼성동),도심공항몰(CALT MALL),37.5095948,127.0594292
499,서울특별시 강남구 강남대로 432 (역삼동 점프밀라노),점프밀라노,37.5012103,127.0266055
500,서울특별시 강남구 삼성로 633 1층 (삼성동 삼광빌딩),노브랜드 삼성점,37.5145427,127.0636849
501,서울특별시 강남구 테헤란로 521 (삼성동),파르나스몰(PARNAS MALL),37.5091322,127.0608511
502,서울특별시 강남구 봉은사로 524 (삼성동),코엑스 호텔아케이드,37.5101935,127.0585824
503,서울특별시 압구정로 201 (구현대아파트),금강상가,37.5328218,127.0280273
504,서울특별시 강남구 압구정로 407 (압구정동 갤러리아백화점),갤러리아백화점(동관),37.5278751,127.0418071
505,서울특별시 강남구 남부순환로 2921 (대치동),남서울종합시장,37.4934956,127.059787
506,서울특별시 강남구 역삼로 310 (역삼동),(주)이마트 역삼점,37.4992239,127.048424
507,서울특별시 강남구 학동로43길 38 (논현동),논현웰스톤상가,37.5184174,127.0380027
508,서울특별시 강남구 남부순환로 2804 (도곡동 아카데미스위트),아카데미프라자,37.4889623,127.0519645
509,서울특별시 강남구 삼성로103길 12 (삼성동),삼성동 신도브래뉴 주상복합 상가,37.5103079,127.0533914
510,서울특별시 강남구 도산대로 442 (청담동),SSG Food Market 백화점,37.5232858,127.0441159
511,서울특별시 강남구 강남대로124길 22 3층 301호 (논현동),영동전통시장,37.5091184,127.0245829
512,서울특별시 강남구 학동로4길 15 (논현동),동화상가(주),37.5092726,127.0239086
513,서울특별시 강남구 영동대로 513 (삼성동),코엑스 몰,37.5101935,127.0585824
514,서울특별시 강남구 논현로63길 16 (역삼동),역삼서해더블루,37.4921786,127.0379488
515,서울특별시 강남구 도산대로85길 30 (청담동),신원아침도시마인상가,37.5263893,127.0496177
516,서울특별시 강남구 역삼로 230 (역삼동),롯데슈퍼 역삼2동점,37.4968924,127.0419057
517,서울특별시 강남구 역삼로8길 15 (역삼동),롯데슈퍼 역삼1동점,37.4930487,127.0341813
518,서울특별시 강남구 언주로122길 25 (논현동 두산위브아파트),롯데슈퍼 논현점,37.5125147,127.0383818
519,서울특별시 강남구 도산대로35길 39 (신사동),롯데슈퍼 압구정점,37.5234509,127.0303255
520,서울특별시 강남구 봉은사로103길 5 (삼성동),롯데슈퍼 코엑스점,37.5149789,127.0613943
521,서울특별시 강남구 언주로 123 (도곡동 개포한신아파트),롯데슈퍼 도곡점,37.4868514,127.0487982
522,서울특별시 강남구 강남대로128길 128-20 1층 101104106호 (논현동 영동프라자),(주)지에스리테일 GS슈퍼 강남 논현점,37.4998216,127.0233281
523,서울특별시 강남구 삼성로 150 (대치동 한보미도맨션),한보종합상가,37.4925906,127.066184
524,서울특별시 강남구 역삼로 310 (역삼동),한솔필리아,37.4992239,127.048424
525,서울특별시 강남구 봉은사로33길 33 (논현동),논현종합시장,37.5094463,127.0352553
526,서울특별시 강남구 언주로 726 (논현동 두산빌딩),두산아케이드,37.5193749,127.0351875
527,서울특별시 강남구 양재대로55길 6 (일원동 도시개발아파트),수서1-2단지상가,37.4925325,127.0893074
528,서울특별시 강남구 역삼동 826번지 14호   ,진솔물산,37.4961931,127.0288777
529,서울특별시 강남구 압구정로 165 (압구정동 현대백화점본점),(주)현대백화점 본점,37.5273312,127.0273463
530,서울특별시 강남구 테헤란로 517 (삼성동 무역센터현대백화점),현대백화점 무역센터점,37.5086154,127.0597808
531,서울특별시 용산구 서빙고로 17 용산해링턴스퀘어 C동 1층 111~115호 (한강로3가),GS THE FRESH 용산해링턴점,37.5261308,126.9675217
532,서울특별시 강남구 압구정로18길 25 (신사동 한국산업양행빌딩),(주)지에스리테일 신사점,37.5233758,127.0253507
533,서울특별시 강남구 논현동 164번지 5호 외 3필지,삐에로쇼핑 강남논현점,37.5085698,127.0230676
534,서울특별시 노원구 노원로1길 67 (공릉동),(주)이마트에브리데이 공릉동점,37.62078169999999,127.0836072
535,서울특별시 송파구 백제고분로34길 3 (석촌동),롯데쇼핑(주)롯데슈퍼석촌점,37.5079559,127.0981246
536,서울특별시 송파구 양재대로72길 5 (오금동),농협하나로마트방이역점,37.5101137,127.1276353
537,서울특별시 송파구 올림픽로32길 20 (방이동),롯데쇼핑(주)롯데슈퍼방이점,37.5141841,127.1092098
538,서울특별시 송파구 강동대로9길 20 (풍납동),롯데쇼핑(주)롯데슈퍼풍납점,37.5278384,127.1169784
539,서울특별시 송파구 마천로45길 23 (마천동),마천시장,37.4979111,127.1508183
540,서울특별시 송파구 올림픽로4길 40 (잠실동),프리마 쇼핑센타,37.50685550000001,127.0729819
541,서울특별시 송파구 가락로 103 (석촌동),엄마손상가,37.5013239,127.1076028
542,서울특별시 송파구 충민로 66 (문정동),가든파이브 라이프,37.4775778,127.1249983
543,서울특별시 송파구 마천로 315 (마천동),송파쇼핑센타,37.4932585,127.1551484
544,서울특별시 송파구 올림픽로 203 (잠실동),잠실중앙상가,37.5095819,127.0824201
545,서울특별시 송파구  올림픽로51길  52 (풍납동),홈플러스(주)익스프레스 풍납점,37.5338878,127.1162191
546,서울특별시 송파구 양재대로72길 5 (오금동),올림픽파크동부센트레빌 상가,37.5101137,127.1276353
547,서울특별시 송파구 가락로 183 (송파동),한화건설 송파지점,37.5004635,127.1164979
548,서울특별시 송파구 동남로 189 (가락동),쌍용프라자 상가,37.495533,127.1281419
549,서울특별시 송파구 올림픽로 269 (신천동),롯데캐슬플라자,37.5142656,127.1004868
550,서울특별시 송파구 올림픽로 240 (잠실동),롯데하이마트잠실점,37.5078953,127.0861619
551,서울특별시 송파구 동남로 189 (가락동 쌍용아파트),(주)지에스리테일 송파점,37.49563,127.128207
552,서울특별시 송파구 오금로31가길 20 (방이동 대림아파트),(주)지에스리테일 방이점,37.5076633,127.124291
553,서울특별시 송파구 양재대로 1222 (방이동),올림픽프라자상가,37.5157622,127.1320826
554,서울특별시 송파구 올림픽로 240 (잠실동),롯데마트 잠실점,37.5078953,127.0861619
555,서울특별시 송파구 올림픽로 240 (잠실동),롯데백화점 잠실점,37.5078953,127.0861619
556,서울특별시 송파구 중대로 80 (문정동),롯데쇼핑(주)롯데마트 송파점,37.4917416,127.1178672
557,서울특별시 송파구 올림픽로 212 (잠실동),갤러리아팰리스 아케이드,37.5087581,127.0842455
558,서울특별시 송파구 올림픽로 111 (잠실동),롯데쇼핑(주)롯데슈퍼신천점,37.5061273,127.0842945
559,서울특별시 송파구 석촌호수로 61 (잠실동),롯데쇼핑(주)롯데슈퍼잠실3동점,37.5106681,127.0861994
560,서울특별시 송파구 법원로 55 상가D동 401외 5호 (문정동 송파아이파크),노브랜드 문정점,37.4941097,127.0106092
561,서울특별시 송파구 올림픽로 300-0 (신천동),롯데하이마트 월드타워점,37.5213517,127.1026097
562,서울특별시 송파구 송파대로 111-0 (문정동),롯데프리미엄푸드마켓 문정점,37.4811895,127.1237787
563,서울특별시 송파구 올림픽로 203 (잠실동),(주)지에스리테일 잠실점,37.5095819,127.0824201
564,서울특별시 송파구 신천동 29번지,롯데백화점 에비뉴엘 월드타워점,37.5130605,127.103495
565,서울특별시 송파구 올림픽로 300 롯데월드타워앤드롯데월드몰 (신천동),롯데마트 월드타워점,37.5131273,127.1019609
566,서울특별시 송파구 올림픽로 435 (신천동 파크리오아파트),(주)지에스리테일 잠실파크리오점,37.5212561,127.1095962
567,서울특별시 송파구 오금로46길 49 (가락동),(주)지에스리테일 송파가락점,37.4944392,127.1336981
568,서울특별시 송파구 오금로32길 32 (송파동),(주)지에스리테일 송파2점,37.5042411,127.1191373
569,서울특별시 강동구 고덕로 353 고덕그라시움아파트(상가1동) 지하1층 108-119128호 (고덕동),지에스 더프레시(GS THE FRESH) 고덕그라시움점,37.55777399999999,127.1639117
570,서울특별시 강동구 양재대로89길 16 (성내동),파크프라자 상가,37.526853,127.1346721
571,서울특별시 강동구 천호대로 1017 (천호동),(주)이마트천호점,37.53856870000001,127.1256226
572,서울특별시 강동구 천호동 422번지 2호,천호신시장,37.5380754,127.1266728
573,서울특별시 강동구 천호대로162길 34 (성내동),이안강동주상복합상가,37.5353667,127.1278968
574,서울특별시 강동구 진황도로 99 (길동),강동한신휴플러스,37.536047,127.1374603
575,서울특별시 강동구 양재대로124길 32 (길동),동서울오네뜨상가,37.5425714,127.1436395
576,서울특별시 강동구 양재대로 1630 (명일동),(주)지에스리테일 명일점,37.5510546,127.1447767
577,서울특별시 강동구 천호대로 1005 (천호동 현대백화점),현대백화점 천호점,37.538851,127.124463
578,서울특별시 강동구 고덕로 276 (명일동),(주)이마트명일점,37.5546516,127.1557517
579,서울특별시 강동구 성안로 176 (길동),롯데쇼핑㈜롯데슈퍼길동점,37.5384632,127.1363009
580,서울특별시 강동구  고덕로62길  55 (명일동),주양쇼핑,37.5521432,127.1526027
581,서울특별시 강동구 고덕로 133 (암사동),(주)지에스리테일 암사캐슬점,37.5552152,127.1403292
582,서울특별시 강동구 올림픽로 528 (성내동),(주)농협유통 하나로마트 성내점,37.5299392,127.1301538
583,서울특별시 강동구 고덕로 99 (암사동),(주)이마트에브리데이 암사동점,37.5549069,127.1362368
584,서울특별시 강동구 양재대로 1486 (길동),홈플러스(주)익스프레스 길동점,37.5383228,127.1405209
585,서울특별시 강동구 명일동 46번지 4호   ,신세계 이마트 명일점,37.55464389999999,127.1536659
586,서울특별시 강동구 암사3동 451번지 16호,양지종합시장,37.5553905,127.1365651
587,서울특별시 중구 소공로 63 (충무로1가신세계백화점건물),신세계백화점,37.5609008,126.9809889
588,서울특별시 마포구 마포대로6길 16 마포시장 (공덕동),마포시장,37.5450726,126.9533388
589,서울특별시 동대문구 천호대로 133 (용두동),홈플러스(주) 동대문점,37.5745068,127.0387406
590,서울특별시 영등포구 영중로 9 (영등포동4가 신세계백화점),(주)신세계 타임스퀘어점,37.5176084,126.905008
591,서울특별시 금천구 시흥대로 201 (시흥동),홈플러스 시흥점,37.4519767,126.900714
592,서울특별시 금천구 시흥대로 391 (독산동),홈플러스(주) 금천점,37.4686493,126.8968106
593,서울특별시 관악구 양녕로 46 (봉천동),홈플러스 익스프레스 봉천점,37.48610350000001,126.9472808
594,서울특별시 중구  청계천로  274 (을지로6가),평화시장,37.5675139,127.0065887
595,서울특별시 용산구 청파로 109 나진상가 (한강로3가),나진산업 주식회사,37.5336497,126.9633052
596,서울특별시 강동구 양재대로 1571 (천호동),홈플러스 강동점,37.5456582,127.1422439
597,서울특별시 양천구 목동서로 170 (목동),홈플러스(주)목동점,37.53020830000001,126.8732314
598,서울특별시 동작구 노량진로 4 (대방동),(주)홈플러스 대방점,37.5121113,126.9263654
599,서울특별시 중랑구 동일로129길 35 (중화동),홈플러스(주) 익스프레스 태릉점,37.5991759,127.0774943
600,서울특별시 종로구 난계로27길 51 신설종합시장 숭인동 (숭인동),신설종합시장,37.5726301,127.0203228
601,서울특별시 송파구 동남로20길 24 (가락동),롯데프레시송파가락가맹점,37.4953372,127.1344783
602,서울특별시 용산구 청파로 100 12동 2층 (한강로3가),(주)서부티엔디,37.5324892,126.9636901
603,서울특별시  새문안로 91 1층 (고려빌딩),홈플러스(주)익스프레스 광화문점,37.5704232,126.9747197
604,서울특별시 은평구 통일로 1050 (진관동 롯데몰은평점),롯데몰 은평,37.6375688,126.9181915
605,서울특별시 강북구 도봉로 172 (미아동),홈플러스(주)익스프레스미아점,37.6268335,127.0269077
606,서울특별시 영등포구 대림로 251 (대림동),롯데슈퍼 대림점,37.5029833,126.8960206
607,서울특별시 영등포구 문래로 164 영등포 SK 리더스뷰 (문래동3가),룩스쇼핑센터,37.517436,126.8997884
608,서울특별시 금천구 디지털로 188 (가산동),(주)원신더블유몰,37.4773244,126.8877548
609,서울특별시 서초구 나루터로 37 (잠원동),신사쇼핑,37.516081,127.0145084
610,서울특별시 중구 마장로 40 (신당동),에이피엠패션몰,37.56768050000001,127.0140157
611,서울특별시 관악구 과천대로 909 (남현동),홈플러스 서울남현점,37.471482,126.9826404
612,서울특별시 양천구 목동동로 53 103~108호 (신정동굿모닝탑),홈플러스(주)익스프레스 신정3점,37.5149528,126.8608292
613,서울특별시 송파구 올림픽로 300 (신천동),롯데월드몰,37.5200705,127.0995
614,서울특별시 마포구  신촌로  94 (노고산동),정도진흥기업(주),37.5538162,126.9367619
615,서울특별시 강남구 선릉로 660 (삼성동),밀구루 삼성점,37.5154901,127.0423523
616,서울특별시 강북구 솔샘로 233 동북프라자 (미아동),동북프라자,37.6201744,127.0186462
617,서울특별시 강남구 압구정로2길 46 (신사동),강남시장,37.518739,127.0206714
618,서울특별시 동대문구 경희대로 20 (회기동),홈플러스 익스프레스 서울회기점,37.5932639,127.0528897
619,서울특별시 송파구 가락로 183 1층 67호 (송파동),롯데쇼핑(주)롯데슈퍼송파점,37.5065131,127.1089266
620,서울특별시 송파구 충민로 10 (문정동),가든파이브 툴,37.4782316,127.1193703
621,서울특별시 성동구 독서당로 303-11 (금호동3가),금남시장,37.54833620000001,127.0230253
622,서울특별시 은평구 통일로 850 (불광동),연서시장,37.6192924,126.921539
623,서울특별시 관악구 신림로 330 (신림동),포도몰,37.4838158,126.9302315
624,서울특별시 종로구 난계로27길 51 신설종합시장 (숭인동),신설종합시장(주),37.5726459,127.0206041
625,서울특별시 은평구 응암로 247 (응암동),홈플러스(주)익스프레스응암점,37.5941861,126.9178359
626,서울특별시 영등포구  당산로  42 (문래동3가),홈플러스(주) 영등포점,37.5189549,126.8986982
627,서울특별시 중구 다산로 222 (신당동),홈플러스익스프레스 신당점,37.5628135,127.0155728
628,서울특별시 용산구 이촌로 352 (용산동6가),신동아쇼핑센터,37.5173454,126.985164
629,서울특별시 은평구 불광로 20 (대조동),엔씨백화점 불광점,37.6097566,126.928882
630,서울특별시 마포구 대흥로24길 24 마포 프레스티지 자이 아파트 단지 내 상가 A동 115~119호 (염리동),GS THE FRESH 마포염리점,37.5545681,126.9476228
631,서울특별시 영등포구 양평로 47 (당산동5가),이랜드리테일 당산점,37.5322248,126.9010187
632,서울특별시 강남구 테헤란로 231 센터필드 (역삼동),더 샵스 앳 센터필드 (THE SHOPS AT CENTERFIELD),37.5032173,127.0416201
633,서울특별시 구로구 중앙로1길 36 (고척동),이천일 아울렛 구로점,37.4980159,126.8626833
634,서울특별시 강남구 압구정로 343 (압구정동 갤러리아백화점),갤러리아백화점(서관),37.528471,127.040079
635,서울특별시 광진구 긴고랑로11길 11 (중곡동),(주)이마트에브리데이 중곡동점,37.5638702,127.081286
636,서울특별시 용산구 한강대로23길 55 (한강로3가),아이파크(I PARK)백화점,37.5298245,126.9645796
637,서울특별시 구로구 개봉로17길 34 (개봉동),(주)이마트에브리데이 개봉동점,37.4916611,126.8539413
638,서울특별시 강남구 학동로 176 (논현동),홈플러스익스프레스 학동역점,37.513463,127.0302342
639,서울특별시 강남구 압구정로46길 5-2 (신사동),홈플러스 익스프레스 압구정점,37.5279836,127.0368672
640,서울특별시 도봉구 시루봉로 103-1 1층 (방학동),GS THE FRESH 방학신동아점,37.6641352,127.0406833
641,서울특별시 강남구 논현로28길 9 유진빌딩 (도곡동),홈플러스익스프레스 도곡2점,37.4826909,127.0433512
642,서울특별시 노원구 동일로204가길 46 (중계동),이천일아울렛 중계점,37.6412281,127.0678668
643,서울특별시 구로구 구로중앙로 152 (구로동),이랜드리테일 NC구로점,37.5012056,126.8827953
644,서울특별시 은평구 서오릉로 222 (갈현동),홈플러스 익스프레스 갈현점,37.6149152,126.9096426
645,서울특별시 종로구 종로 183 (인의동 효성주얼리시티),효성주얼리시티,37.571393,126.9986634
646,서울특별시 송파구 송파대로 345 (가락동 헬리오시티),이마트에브리데이 송파점,37.4984505,127.1072503
647,서울특별시 강동구 올림픽로 572 상가동 1층 101102호 (성내동 코오롱 2차아파트),이마트에브리데이 성내점,37.5325138,127.1217898
648,서울특별시 송파구 중대로9길 35 (가락동),(주)이마트에브리데이 가락동점,37.4962591,127.1182935
649,서울특별시 강동구 고덕로 210 (명일동),(주)이마트에브리데이 명일동점,37.5472149,127.1545738
650,서울특별시 노원구 동일로 1414 (상계동),롯데백화점 노원점,37.6552101,127.0611517
651,서울특별시 동작구 동작대로29길 110 (사당동 신동아아파트),(주)이마트에브리데이 사당동점,37.4896379,126.977959
652,서울특별시 중랑구 면목로39길 11 (면목동),(주)이마트에브리데이 면목동점,37.5795675,127.0863113
653,서울특별시 동작구 상도로 81 (대방동),(주)이마트에브리데이 대방동점,37.514454,126.9311336
654,서울특별시 동작구 상도로31길 19 (상도동),(주)이마트에브리데이 상도동점,37.5059333,126.9439079
655,서울특별시 동대문구 고산자로36길 3 경동시장 (제기동),경동시장,37.5794724,127.0394739
656,서울특별시 관악구 은천로 51 (봉천동),(주)이마트에브리데이 봉천동점,37.4862512,126.9412192
657,서울특별시 동대문구 고미술로 49 (답십리동),(주)이마트에브리데이 답십리점,37.5673732,127.0533104
658,서울특별시 양천구 목동서로 130 관리동 105호 (목동목동4단지아파트),(주)이마트에브리데이 목동점,37.5319769,126.8720099
659,서울특별시 노원구 동일로 1701 (상계동 희성오피앙),오피앙,37.6802689,127.0548694
660,서울특별시 영등포구 영등포로 109 (당산동2가),영등포유통관리(주),37.5232207,126.8919892
661,서울특별시 마포구 양화로 188 (동교동),AK&홍대,37.5555281,126.9308709
662,서울특별시 마포구 도화4길 73 (도화동 현대홈타운),홈플러스익스프레스도화점,37.5392634,126.9516235
663,서울특별시 마포구 월드컵로 240 (성산동월드컵경기장내),홈플러스(주)월드컵점,37.5682588,126.8972774
664,서울특별시 오금로 512,홈플러스(주)익스프레스 거여점,37.4926974,127.1455368
665,서울특별시 영등포구 가마산로69가길 12 (신길동),홈플러스(주) 익스프레스 신길3점,37.5060928,126.9095958
666,서울특별시 영등포구 영등포로 364 (신길동),홈플러스(주) 익스프레스 신길2점,37.5140781,126.9183479
667,서울특별시 강동구 고덕로24길 50 (암사동),홈플러스(주) 익스프레스 암사점,37.5523222,127.1350647
668,서울특별시 강동구 풍성로 138 (성내동),홈플러스(주) 익스프레스 성내점,37.5311943,127.1273367
669,서울특별시 송파구 석촌호수로 133 (잠실동),홈플러스(주)익스프레스 잠실점,37.5076279,127.0917991
670,서울특별시 송파구 올림픽로35가길 16 (신천동),홈플러스(주)잠실점,37.5162099,127.1030143
671,서울특별시 노원구 동일로204가길 12 (중계동),홈플러스(주) 중계점,37.639815,127.0686402
672,서울특별시 강서구 화곡로 153 (화곡동),홈플러스(주) 익스프레스 화곡점,37.5414532,126.8387363
673,서울특별시 양천구 등촌로 172 (목동),홈플러스(주)익스프레스 목동2점,37.5450759,126.8625742
674,서울특별시 양천구 중앙로 255-1 (신정동),홈플러스(주)익스프레스 신정점,37.5191223,126.8529569
675,서울특별시 광진구 광나루로39길 11 (구의동),구의 자이르네 판매시설,37.5435596,127.0893872
676,서울특별시 중랑구 면목로 357 (면목동),홈플러스(주)익스프레스 면목점,37.5839561,127.088119
677,서울특별시 중랑구 사가정로 332 (면목동),홈플러스(주)면목점,37.5808178,127.0798833
678,서울특별시 중랑구 신내로 201 (신내동),홈플러스 신내점,37.6157539,127.0937534
